trialnum	subject	session	basicShape	numObjects	speed	initialDirRing0	fixatnPeriodFrames	orderCorrect	trialDurTotal	numTargets	whichIsTargetEachRing0	whichIsTargetEachRing1	whichIsTargetEachRing2	ringToQuery	direction0	direction1	direction2	respAdj0	respAdj1	respAdj2	rev0_0	rev0_1	rev0_2	rev0_3	rev0_4	rev0_5	rev0_6	rev0_7	rev0_8	rev1_0	rev1_1	rev1_2	rev1_3	rev1_4	rev1_5	rev1_6	rev1_7	rev1_8	rev2_0	rev2_1	rev2_2	rev2_3	rev2_4	rev2_5	rev2_6	rev2_7	rev2_8	timingBlips	numLongFramesAfterFixation	numLongFramesAfterCue
0	temp	a	circle	4	0.8718750000000028	1	64	3 	 5.162749601752363 	 2 	 0.0	2.0	-999.0	1	1	-1	-1	-999	0.0	-999	2.6429 	3.3623 	5.0221 	6.3868 	-999	-999	-999	-999	-999	3.094 	4.4266 	6.2801 	-999	-999	-999	-999	-999	-999	2.5823 	3.725 	5.0159 	5.6308 	-999	-999	-999	-999	-999	0	0	0
1	temp	a	circle	4	0.8718750000000028	-1	62	3 	 4.162010564284101 	 1 	 2.0	-999.0	-999.0	0	-1	1	-1	-0.0	-999	-999	2.0977 	3.1792 	3.8137 	5.0749 	-999	-999	-999	-999	-999	2.2307 	3.0524 	4.321 	5.9865 	-999	-999	-999	-999	-999	2.7877 	4.0725 	4.607 	-999	-999	-999	-999	-999	-999	0	0	0
2	temp	a	circle	4	1.171875	-1	61	3 	 4.6574430223835765 	 1 	 -999.0	2.0	-999.0	1	-1	1	-1	-999	0.0	-999	2.4016 	3.6215 	5.2133 	-999	-999	-999	-999	-999	-999	2.609 	3.3748 	4.8139 	6.2034 	-999	-999	-999	-999	-999	2.1787 	3.3786 	4.7465 	5.657 	-999	-999	-999	-999	-999	0	0	0
3	temp	a	circle	2	0.8718750000000028	1	67	3 	 3.9410862524936903 	 1 	 -999.0	0.0	-999.0	1	1	-1	-1	-999	-0.0	-999	2.5375 	4.0359 	4.6381 	-999	-999	-999	-999	-999	-999	2.0044 	2.9051 	4.1907 	5.3964 	-999	-999	-999	-999	-999	2.7071 	3.9924 	5.9722 	-999	-999	-999	-999	-999	-999	0	0	0
4	temp	a	circle	2	0.8718750000000028	1	65	3 	 3.508630329612841 	 2 	 0.0	0.0	-999.0	0	1	-1	-1	-0.0	-999	-999	2.2632 	3.5515 	5.149 	-999	-999	-999	-999	-999	-999	3.0401 	3.8076 	5.1253 	-999	-999	-999	-999	-999	-999	2.5705 	4.3544 	-999	-999	-999	-999	-999	-999	-999	0	0	0
5	temp	a	circle	2	0.02	-1	71	3 	 4.377765610883175 	 1 	 -999.0	-999.0	1.0	2	-1	1	-1	-999	-999	0.0	2.5399 	3.6366 	4.2557 	5.2966 	-999	-999	-999	-999	-999	2.0069 	3.756 	4.8625 	-999	-999	-999	-999	-999	-999	2.1505 	3.2348 	4.2356 	5.8805 	-999	-999	-999	-999	-999	0	0	0
6	temp	a	circle	2	0.1	1	69	3 	 4.286982204852581 	 1 	 -999.0	0.0	1.0	1	1	-1	-1	-999	-0.0	-999	1.7826 	3.4555 	5.2659 	-999	-999	-999	-999	-999	-999	2.0473 	2.8496 	3.6622 	4.2968 	4.9059 	-999	-999	-999	-999	2.7365 	3.8659 	4.9629 	-999	-999	-999	-999	-999	-999	0	0	0
7	temp	a	circle	2	1.171875	-1	70	3 	 5.560514484287097 	 2 	 0.0	0.0	-999.0	1	-1	1	-1	-999	-0.0	-999	2.463 	3.9221 	5.7903 	6.9331 	-999	-999	-999	-999	-999	2.4243 	3.3429 	5.0316 	6.6097 	-999	-999	-999	-999	-999	2.4979 	3.5663 	4.7857 	6.4671 	-999	-999	-999	-999	-999	0	0	0
8	temp	a	circle	4	1.4718749999999972	-1	52	3 	 4.507304475133214 	 1 	 3.0	-999.0	-999.0	0	-1	1	-1	0.0	-999	-999	3.1826 	5.0404 	-999	-999	-999	-999	-999	-999	-999	1.8973 	3.4057 	3.9764 	5.3724 	-999	-999	-999	-999	-999	3.1755 	3.9841 	4.8206 	-999	-999	-999	-999	-999	-999	0	0	0
9	temp	a	circle	4	1.171875	1	75	0 	 5.2762196413448175 	 2 	 1.0	3.0	-999.0	0	1	-1	-1	-2.0	-999	-999	1.9768 	3.8043 	5.2069 	7.0808 	-999	-999	-999	-999	-999	2.8465 	4.7026 	6.1744 	-999	-999	-999	-999	-999	-999	2.336 	3.939 	4.8026 	5.4562 	6.1321 	-999	-999	-999	-999	0	0	0
10	temp	a	circle	4	0.8718750000000028	1	59	3 	 5.261420644916536 	 2 	 2.0	3.0	-999.0	1	1	-1	-1	-999	0.0	-999	3.0315 	4.3817 	5.4015 	6.1803 	-999	-999	-999	-999	-999	2.3291 	4.1525 	5.0383 	6.9076 	-999	-999	-999	-999	-999	2.7795 	4.2559 	5.5636 	-999	-999	-999	-999	-999	-999	0	0	0
11	temp	a	circle	2	1.171875	-1	62	3 	 4.797750460331631 	 1 	 -999.0	-999.0	1.0	2	-1	1	-1	-999	-999	-0.0	3.1796 	4.9626 	6.8055 	-999	-999	-999	-999	-999	-999	3.1295 	4.012 	4.6828 	5.43 	-999	-999	-999	-999	-999	2.7306 	4.1123 	4.9589 	5.4749 	-999	-999	-999	-999	-999	0	0	0
12	temp	a	circle	4	1.7718749999999943	1	64	0 	 4.257741891251511 	 1 	 -999.0	0.0	-999.0	1	1	-1	-1	-999	-1.0	-999	2.4474 	3.6436 	4.4615 	5.3005 	-999	-999	-999	-999	-999	2.0792 	3.7435 	4.4577 	6.141 	-999	-999	-999	-999	-999	1.8369 	3.3314 	5.085 	-999	-999	-999	-999	-999	-999	0	0	0
13	temp	a	circle	4	0.02	-1	67	3 	 3.717434751696548 	 1 	 -999.0	-999.0	2.0	2	-1	1	-1	-999	-999	0.0	2.7565 	3.7426 	5.2889 	-999	-999	-999	-999	-999	-999	1.7404 	3.0995 	4.1877 	-999	-999	-999	-999	-999	-999	2.9181 	3.8901 	5.1411 	-999	-999	-999	-999	-999	-999	0	0	0
14	temp	a	circle	2	1.4718749999999972	-1	51	3 	 3.35204399929645 	 1 	 -999.0	0.0	0.0	2	-1	1	-1	-999	-999	-0.0	1.8688 	2.5315 	4.4024 	-999	-999	-999	-999	-999	-999	1.9395 	2.9623 	3.9386 	-999	-999	-999	-999	-999	-999	1.8617 	3.79 	-999	-999	-999	-999	-999	-999	-999	0	0	0
15	temp	a	circle	4	0.8718750000000028	-1	60	3 	 3.787912256654103 	 2 	 0.0	2.0	-999.0	0	-1	1	-1	0.0	-999	-999	2.793 	4.6608 	-999	-999	-999	-999	-999	-999	-999	2.4444 	3.0851 	3.6341 	5.3574 	-999	-999	-999	-999	-999	2.8762 	3.6466 	4.8123 	-999	-999	-999	-999	-999	-999	0	0	0
16	temp	a	circle	4	1.4718749999999972	1	61	3 	 3.959449668731789 	 1 	 -999.0	0.0	-999.0	1	1	-1	-1	-999	-0.0	-999	3.1527 	4.2696 	-999	-999	-999	-999	-999	-999	-999	2.5571 	3.1265 	3.8941 	4.6268 	-999	-999	-999	-999	-999	1.7956 	3.4105 	5.1569 	-999	-999	-999	-999	-999	-999	0	0	0
17	temp	a	circle	2	1.7718749999999943	-1	77	3 	 4.201212643724547 	 1 	 -999.0	-999.0	0.0	2	-1	1	-1	-999	-999	-0.0	2.7728 	3.5577 	5.3879 	-999	-999	-999	-999	-999	-999	2.7308 	4.1152 	5.3057 	-999	-999	-999	-999	-999	-999	1.976 	2.613 	3.8213 	5.3067 	-999	-999	-999	-999	-999	0	0	0
18	temp	a	circle	4	0.02	-1	63	3 	 4.315247046364293 	 2 	 3.0	1.0	-999.0	1	-1	1	-1	-999	-0.0	-999	1.9092 	3.6746 	4.4129 	5.5329 	-999	-999	-999	-999	-999	3.1842 	4.6771 	-999	-999	-999	-999	-999	-999	-999	2.9554 	3.7949 	5.0142 	-999	-999	-999	-999	-999	-999	0	0	0
19	temp	a	circle	4	1.4718749999999972	-1	54	0 	 3.978441871965881 	 1 	 2.0	0.0	-999.0	0	-1	1	-1	-2.0	-999	-999	3.1958 	4.5124 	-999	-999	-999	-999	-999	-999	-999	2.4129 	3.4116 	5.3153 	-999	-999	-999	-999	-999	-999	1.7678 	2.4226 	3.6272 	4.2841 	-999	-999	-999	-999	-999	0	0	0
20	temp	a	circle	2	1.4718749999999972	-1	70	3 	 3.4443788630205794 	 2 	 1.0	0.0	-999.0	0	-1	1	-1	-0.0	-999	-999	2.0328 	3.9403 	-999	-999	-999	-999	-999	-999	-999	3.0612 	4.034 	-999	-999	-999	-999	-999	-999	-999	2.7084 	4.526 	-999	-999	-999	-999	-999	-999	-999	0	0	0
21	temp	a	circle	2	1.7999999999999972	-1	49	0 	 3.932314132808286 	 1 	 -999.0	1.0	-999.0	1	-1	1	-1	-999	-1.0	-999	3.1374 	4.6906 	-999	-999	-999	-999	-999	-999	-999	2.4836 	3.5695 	4.5784 	-999	-999	-999	-999	-999	-999	1.8597 	3.6158 	5.3361 	-999	-999	-999	-999	-999	-999	0	0	0
22	temp	a	circle	4	0.8718750000000028	-1	49	3 	 4.906493660546619 	 2 	 0.0	1.0	-999.0	0	-1	1	-1	-0.0	-999	-999	2.9332 	4.6481 	5.3384 	-999	-999	-999	-999	-999	-999	2.6823 	3.4546 	5.3816 	-999	-999	-999	-999	-999	-999	3.1241 	4.0811 	4.7642 	5.6253 	-999	-999	-999	-999	-999	0	0	0
23	temp	a	circle	4	1.0718750000000057	-1	51	0 	 5.132483259690806 	 2 	 2.0	1.0	-999.0	1	-1	1	-1	-999	1.0	-999	2.8079 	3.5852 	5.1482 	5.873 	-999	-999	-999	-999	-999	1.9335 	3.4547 	4.4068 	5.1801 	6.2519 	-999	-999	-999	-999	3.1586 	4.1733 	5.4426 	-999	-999	-999	-999	-999	-999	0	0	0
24	temp	a	circle	2	1.5	1	70	3 	 3.4648388303024635 	 1 	 1.0	-999.0	1.0	0	1	-1	-1	0.0	-999	-999	1.8857 	3.4429 	4.1267 	-999	-999	-999	-999	-999	-999	2.1457 	3.1739 	4.1216 	-999	-999	-999	-999	-999	-999	2.8964 	3.4673 	4.3595 	-999	-999	-999	-999	-999	-999	0	0	0
25	temp	a	circle	4	0.9718750000000114	1	67	0 	 3.4359586497496286 	 2 	 1.0	1.0	-999.0	1	1	-1	-1	-999	2.0	-999	2.2284 	2.812 	4.2572 	-999	-999	-999	-999	-999	-999	2.7878 	4.1356 	-999	-999	-999	-999	-999	-999	-999	2.3214 	3.3391 	4.9583 	-999	-999	-999	-999	-999	-999	0	0	0
26	temp	a	circle	2	1.7718749999999943	1	49	3 	 3.7032229154162124 	 2 	 0.0	0.0	-999.0	1	1	-1	-1	-999	0.0	-999	2.8177 	3.6051 	4.2263 	-999	-999	-999	-999	-999	-999	2.3181 	3.2653 	5.1376 	-999	-999	-999	-999	-999	-999	3.0029 	4.5699 	-999	-999	-999	-999	-999	-999	-999	0	0	0
27	temp	a	circle	4	0.871875000000017	-1	70	0 	 5.233479742285048 	 2 	 0.0	1.0	-999.0	0	-1	1	-1	1.0	-999	-999	3.0935 	4.3291 	5.1336 	6.2179 	-999	-999	-999	-999	-999	2.7375 	4.7108 	6.2843 	-999	-999	-999	-999	-999	-999	3.0424 	4.3441 	5.2916 	6.1487 	-999	-999	-999	-999	-999	0	0	0
28	temp	a	circle	2	1.7999999999999972	1	60	3 	 5.2426620015033425 	 2 	 1.0	1.0	-999.0	0	1	-1	-1	0.0	-999	-999	2.233 	3.6156 	5.1036 	6.832 	-999	-999	-999	-999	-999	2.6031 	4.4221 	6.1088 	-999	-999	-999	-999	-999	-999	2.8067 	4.0237 	5.3746 	6.0349 	-999	-999	-999	-999	-999	0	0	0
29	temp	a	circle	2	1.7999999999999972	-1	72	3 	 3.5263989163640415 	 2 	 0.0	0.0	-999.0	0	-1	1	-1	-0.0	-999	-999	2.9504 	3.6181 	4.7651 	-999	-999	-999	-999	-999	-999	2.3127 	3.1874 	3.8939 	-999	-999	-999	-999	-999	-999	1.8352 	3.1807 	3.7845 	5.2005 	-999	-999	-999	-999	-999	0	0	0
30	temp	a	circle	2	0.1	-1	52	3 	 4.582303957427808 	 2 	 0.0	0.0	-999.0	0	-1	1	-1	-0.0	-999	-999	2.7362 	4.2148 	6.1142 	-999	-999	-999	-999	-999	-999	2.8103 	4.5669 	6.4057 	-999	-999	-999	-999	-999	-999	2.204 	3.8854 	5.0753 	-999	-999	-999	-999	-999	-999	0	0	0
31	temp	a	circle	2	0.1	1	51	3 	 4.171233503969936 	 2 	 1.0	1.0	-999.0	0	1	-1	-1	0.0	-999	-999	2.1378 	2.8341 	4.3488 	5.9831 	-999	-999	-999	-999	-999	2.9101 	4.5215 	-999	-999	-999	-999	-999	-999	-999	1.8323 	3.2942 	4.9892 	-999	-999	-999	-999	-999	-999	0	0	0
32	temp	a	circle	4	1.171875	1	70	0 	 4.120249487656622 	 1 	 3.0	-999.0	-999.0	0	1	-1	-1	1.0	-999	-999	2.4659 	4.2443 	4.953 	-999	-999	-999	-999	-999	-999	2.8976 	4.2785 	5.0012 	-999	-999	-999	-999	-999	-999	3.1709 	3.8521 	5.4556 	-999	-999	-999	-999	-999	-999	0	0	0
33	temp	a	circle	4	0.02	1	76	3 	 4.5603441962680655 	 2 	 2.0	3.0	-999.0	1	1	-1	-1	-999	-0.0	-999	2.4166 	3.6156 	4.604 	6.1805 	-999	-999	-999	-999	-999	3.178 	4.2222 	6.1528 	-999	-999	-999	-999	-999	-999	1.7742 	3.2498 	4.4606 	5.171 	-999	-999	-999	-999	-999	0	0	0
34	temp	a	circle	2	1.5	1	69	3 	 5.240754633368162 	 1 	 1.0	-999.0	0.0	0	1	-1	-1	0.0	-999	-999	2.0089 	3.6596 	4.2483 	5.8243 	-999	-999	-999	-999	-999	1.7006 	2.683 	4.245 	4.9864 	6.0092 	-999	-999	-999	-999	2.1126 	3.0765 	3.9071 	4.5879 	6.4761 	-999	-999	-999	-999	0	0	0
35	temp	a	circle	2	1.7999999999999972	1	62	3 	 5.464317185534043 	 2 	 1.0	0.0	-999.0	1	1	-1	-1	-999	0.0	-999	2.012 	3.651 	5.0583 	6.2524 	-999	-999	-999	-999	-999	2.041 	3.7315 	4.3753 	5.1881 	6.0622 	-999	-999	-999	-999	2.2799 	4.2024 	5.4176 	6.1553 	-999	-999	-999	-999	-999	0	0	0
36	temp	a	circle	2	1.5	1	70	3 	 4.9304180739026595 	 1 	 -999.0	1.0	0.0	2	1	-1	-1	-999	-999	-0.0	2.4298 	3.4924 	4.1609 	5.9449 	-999	-999	-999	-999	-999	2.3796 	4.3411 	5.46 	-999	-999	-999	-999	-999	-999	2.8251 	4.2391 	4.9034 	5.6251 	-999	-999	-999	-999	-999	0	0	0
37	temp	a	circle	4	0.1	1	76	3 	 4.457824689501981 	 1 	 -999.0	-999.0	2.0	2	1	-1	-1	-999	-999	-0.0	2.411 	3.006 	3.7848 	4.3191 	5.4523 	-999	-999	-999	-999	2.6142 	3.9241 	4.5369 	5.5886 	-999	-999	-999	-999	-999	1.9432 	3.7178 	4.7883 	-999	-999	-999	-999	-999	-999	0	0	0
38	temp	a	circle	2	1.7999999999999972	-1	65	3 	 3.7769782733692066 	 2 	 0.0	1.0	-999.0	1	-1	1	-1	-999	-0.0	-999	1.7741 	2.8122 	4.135 	-999	-999	-999	-999	-999	-999	3.0183 	4.0428 	5.1711 	-999	-999	-999	-999	-999	-999	1.9635 	2.7064 	4.4527 	-999	-999	-999	-999	-999	-999	0	0	0
39	temp	a	circle	4	0.8718750000000028	1	68	3 	 4.011007685416553 	 1 	 2.0	-999.0	2.0	2	1	-1	-1	-999	-999	-0.0	2.2348 	4.221 	6.1424 	-999	-999	-999	-999	-999	-999	1.8009 	3.7275 	4.6894 	-999	-999	-999	-999	-999	-999	2.6319 	3.8859 	5.1969 	-999	-999	-999	-999	-999	-999	0	0	0
40	temp	a	circle	4	0.7718750000000227	-1	53	3 	 5.218907878581837 	 2 	 3.0	2.0	-999.0	1	-1	1	-1	-999	-0.0	-999	1.9605 	3.8882 	4.7365 	6.2532 	-999	-999	-999	-999	-999	2.1136 	3.8295 	5.6294 	-999	-999	-999	-999	-999	-999	2.753 	3.8934 	5.0339 	6.1207 	-999	-999	-999	-999	-999	0	0	0
41	temp	a	circle	2	1.7000000000000028	1	54	3 	 3.9299531123950824 	 1 	 1.0	-999.0	0.0	2	1	-1	-1	-999	-999	-0.0	2.1229 	3.1601 	4.6522 	-999	-999	-999	-999	-999	-999	3.089 	5.037 	-999	-999	-999	-999	-999	-999	-999	2.3659 	2.8808 	4.6833 	-999	-999	-999	-999	-999	-999	0	0	0
42	temp	a	circle	2	1.7999999999999972	-1	54	3 	 4.871419099129438 	 2 	 0.0	0.0	-999.0	1	-1	1	-1	-999	0.0	-999	2.4514 	3.9998 	5.089 	6.0333 	-999	-999	-999	-999	-999	1.8944 	2.4521 	3.0058 	4.0655 	6.0515 	-999	-999	-999	-999	2.6976 	3.7436 	5.254 	-999	-999	-999	-999	-999	-999	0	0	0
43	temp	a	circle	2	1.7000000000000028	1	53	3 	 4.084340632039371 	 1 	 1.0	-999.0	1.0	0	1	-1	-1	-0.0	-999	-999	3.0329 	4.6104 	-999	-999	-999	-999	-999	-999	-999	2.0484 	3.254 	4.3061 	4.9659 	-999	-999	-999	-999	-999	2.6908 	3.4202 	4.8273 	-999	-999	-999	-999	-999	-999	0	0	0
44	temp	a	circle	4	0.7718750000000227	1	58	3 	 5.368896535981265 	 2 	 3.0	3.0	-999.0	0	1	-1	-1	-0.0	-999	-999	2.9172 	3.5731 	4.3071 	5.5992 	7.2959 	-999	-999	-999	-999	2.1428 	3.6109 	4.3141 	5.5288 	7.1816 	-999	-999	-999	-999	2.6231 	3.3952 	4.617 	6.2906 	-999	-999	-999	-999	-999	0	0	0
45	temp	a	circle	2	0.1	1	56	3 	 4.550653671740435 	 2 	 1.0	1.0	-999.0	0	1	-1	-1	-0.0	-999	-999	2.8081 	3.3154 	4.1622 	5.4056 	-999	-999	-999	-999	-999	2.8433 	4.17 	5.4679 	-999	-999	-999	-999	-999	-999	2.7472 	3.6993 	4.293 	5.4854 	-999	-999	-999	-999	-999	0	0	0
46	temp	a	circle	4	0.7718750000000227	-1	68	0 	 4.03575291593534 	 2 	 3.0	2.0	-999.0	0	-1	1	-1	1.0	-999	-999	2.5146 	4.4124 	-999	-999	-999	-999	-999	-999	-999	1.7455 	3.3884 	4.6192 	-999	-999	-999	-999	-999	-999	2.086 	3.0837 	4.6842 	-999	-999	-999	-999	-999	-999	0	0	0
47	temp	a	circle	4	0.1	-1	70	3 	 4.889332379238291 	 2 	 2.0	2.0	-999.0	1	-1	1	-1	-999	-0.0	-999	2.7715 	4.1205 	4.7612 	5.504 	-999	-999	-999	-999	-999	2.409 	3.1573 	3.8977 	5.0644 	5.8498 	-999	-999	-999	-999	2.0529 	3.1182 	4.4282 	5.9365 	-999	-999	-999	-999	-999	0	0	0
48	temp	a	circle	2	1.7000000000000028	-1	75	0 	 5.004582462428349 	 1 	 -999.0	0.0	1.0	2	-1	1	-1	-999	-999	1.0	2.4716 	3.6818 	4.9525 	6.6628 	-999	-999	-999	-999	-999	2.2401 	3.3514 	4.6131 	5.9449 	-999	-999	-999	-999	-999	2.6368 	3.8925 	5.6913 	-999	-999	-999	-999	-999	-999	0	0	0
49	temp	a	circle	2	0.02	-1	72	3 	 3.2987332495073924 	 1 	 -999.0	0.0	1.0	1	-1	1	-1	-999	-0.0	-999	1.7317 	2.4799 	4.1791 	-999	-999	-999	-999	-999	-999	1.9249 	3.6135 	-999	-999	-999	-999	-999	-999	-999	1.7969 	2.8692 	4.8282 	-999	-999	-999	-999	-999	-999	0	0	0
50	temp	a	circle	4	0.8718750000000028	-1	74	3 	 5.472244746477451 	 1 	 3.0	2.0	-999.0	1	-1	1	-1	-999	-0.0	-999	2.46 	4.1425 	5.6755 	7.4959 	-999	-999	-999	-999	-999	1.8798 	2.4609 	3.9008 	5.4818 	7.0519 	-999	-999	-999	-999	2.0645 	3.5074 	5.0049 	5.949 	-999	-999	-999	-999	-999	0	0	0
51	temp	a	circle	2	0.02	-1	57	3 	 3.37966883050947 	 2 	 0.0	1.0	-999.0	0	-1	1	-1	-0.0	-999	-999	2.361 	3.1768 	4.4889 	-999	-999	-999	-999	-999	-999	3.0145 	4.2421 	-999	-999	-999	-999	-999	-999	-999	3.171 	4.3269 	-999	-999	-999	-999	-999	-999	-999	0	0	0
52	temp	a	circle	2	1.7999999999999972	1	64	3 	 3.3781192271174962 	 2 	 0.0	0.0	-999.0	1	1	-1	-1	-999	-0.0	-999	2.0247 	3.5291 	5.3408 	-999	-999	-999	-999	-999	-999	2.5848 	3.4506 	4.6643 	-999	-999	-999	-999	-999	-999	3.0825 	4.931 	-999	-999	-999	-999	-999	-999	-999	0	0	0
53	temp	a	circle	4	0.8718750000000028	-1	68	3 	 4.8412444953054194 	 1 	 2.0	0.0	0.0	2	-1	1	-1	-999	-999	0.0	2.2288 	3.8746 	5.0822 	6.6909 	-999	-999	-999	-999	-999	1.9407 	3.7868 	4.6793 	5.2801 	-999	-999	-999	-999	-999	1.7252 	3.262 	4.5394 	5.9966 	-999	-999	-999	-999	-999	0	0	0
54	temp	a	circle	4	1.0718750000000057	-1	63	3 	 5.251664571650956 	 1 	 2.0	3.0	2.0	1	-1	1	-1	-999	0.0	-999	2.3098 	3.8771 	4.6904 	5.4441 	6.9283 	-999	-999	-999	-999	2.839 	4.5492 	5.209 	6.9222 	-999	-999	-999	-999	-999	2.9123 	4.91 	6.8368 	-999	-999	-999	-999	-999	-999	0	0	0
55	temp	a	circle	4	0.6718750000000284	-1	58	3 	 3.977478857619872 	 2 	 2.0	2.0	-999.0	0	-1	1	-1	-0.0	-999	-999	1.8425 	3.2742 	4.1641 	5.6567 	-999	-999	-999	-999	-999	2.2893 	3.2902 	4.0641 	5.1969 	-999	-999	-999	-999	-999	2.3373 	4.2394 	5.6186 	-999	-999	-999	-999	-999	-999	0	0	0
56	temp	a	circle	2	1.6000000000000085	-1	52	3 	 4.315228962068869 	 1 	 -999.0	0.0	0.0	1	-1	1	-1	-999	-0.0	-999	2.6473 	3.7473 	5.7165 	-999	-999	-999	-999	-999	-999	3.0927 	4.7109 	-999	-999	-999	-999	-999	-999	-999	2.0241 	3.2652 	5.0667 	-999	-999	-999	-999	-999	-999	0	0	0
57	temp	a	circle	4	0.6718750000000284	-1	49	3 	 5.3444625885880495 	 2 	 0.0	0.0	-999.0	0	-1	1	-1	0.0	-999	-999	2.6616 	3.2516 	3.9784 	4.9941 	6.6052 	-999	-999	-999	-999	3.1157 	4.9373 	6.1044 	-999	-999	-999	-999	-999	-999	2.209 	3.0894 	3.7549 	5.6016 	6.9858 	-999	-999	-999	-999	0	0	0
58	temp	a	circle	2	1.7999999999999972	-1	60	3 	 3.5832789320026324 	 2 	 1.0	1.0	-999.0	0	-1	1	-1	-0.0	-999	-999	1.8154 	2.5682 	3.6155 	4.1716 	-999	-999	-999	-999	-999	2.663 	3.9584 	-999	-999	-999	-999	-999	-999	-999	2.8955 	4.2483 	-999	-999	-999	-999	-999	-999	-999	0	0	0
59	temp	a	circle	2	1.6000000000000085	-1	61	3 	 4.868536508438913 	 1 	 0.0	-999.0	1.0	0	-1	1	-1	-0.0	-999	-999	2.2064 	3.4788 	5.2788 	-999	-999	-999	-999	-999	-999	2.7539 	3.263 	4.1409 	5.6909 	-999	-999	-999	-999	-999	2.2612 	3.1553 	3.7843 	4.4579 	5.1823 	-999	-999	-999	-999	0	0	0
60	temp	a	circle	2	1.7999999999999972	-1	49	3 	 3.236061815274552 	 2 	 0.0	1.0	-999.0	0	-1	1	-1	0.0	-999	-999	1.8996 	3.8872 	-999	-999	-999	-999	-999	-999	-999	3.0786 	3.6778 	-999	-999	-999	-999	-999	-999	-999	1.9652 	2.8253 	4.7056 	-999	-999	-999	-999	-999	-999	0	0	0
61	temp	a	circle	4	1.0718750000000057	1	52	3 	 3.6820946808683255 	 1 	 -999.0	0.0	3.0	2	1	-1	-1	-999	-999	0.0	2.2209 	3.5845 	5.4721 	-999	-999	-999	-999	-999	-999	2.8015 	4.7878 	-999	-999	-999	-999	-999	-999	-999	2.8543 	4.0731 	-999	-999	-999	-999	-999	-999	-999	0	0	0
62	temp	a	circle	2	1.6000000000000085	1	72	3 	 4.274514413172716 	 1 	 -999.0	0.0	0.0	2	1	-1	-1	-999	-999	0.0	2.9063 	3.8208 	4.7622 	-999	-999	-999	-999	-999	-999	2.3106 	2.962 	3.6357 	4.3625 	5.1162 	-999	-999	-999	-999	2.1983 	3.1127 	4.2803 	5.0945 	-999	-999	-999	-999	-999	0	0	0
63	temp	a	circle	2	1.7999999999999972	1	57	3 	 5.417238052987568 	 2 	 0.0	0.0	-999.0	0	1	-1	-1	-0.0	-999	-999	1.7954 	3.475 	5.2141 	6.2383 	-999	-999	-999	-999	-999	2.2818 	3.9856 	5.7562 	-999	-999	-999	-999	-999	-999	3.1599 	5.0783 	6.9052 	-999	-999	-999	-999	-999	-999	0	0	0
64	temp	a	circle	2	1.7999999999999972	1	62	3 	 4.684443308277812 	 2 	 0.0	1.0	-999.0	1	1	-1	-1	-999	-0.0	-999	1.901 	3.1094 	4.02 	5.1314 	-999	-999	-999	-999	-999	3.0385 	4.0786 	4.7809 	5.3313 	-999	-999	-999	-999	-999	2.819 	4.4374 	5.3337 	-999	-999	-999	-999	-999	-999	0	0	0
65	temp	a	circle	2	1.7999999999999972	-1	61	0 	 5.370338282846678 	 2 	 1.0	1.0	-999.0	0	-1	1	-1	1.0	-999	-999	2.0104 	3.7996 	4.4616 	5.0915 	5.8365 	-999	-999	-999	-999	2.8137 	4.3182 	4.9565 	6.513 	-999	-999	-999	-999	-999	2.2729 	3.9548 	5.2141 	7.0952 	-999	-999	-999	-999	-999	0	0	0
66	temp	a	circle	4	0.02	-1	72	3 	 4.3369131446241855 	 1 	 -999.0	-999.0	1.0	2	-1	1	-1	-999	-999	-0.0	2.9005 	3.7702 	4.5463 	5.364 	-999	-999	-999	-999	-999	1.9357 	2.818 	3.358 	5.1643 	-999	-999	-999	-999	-999	2.6812 	3.7433 	5.6023 	-999	-999	-999	-999	-999	-999	0	0	0
67	temp	a	circle	2	1.7000000000000028	-1	66	3 	 3.932587809126476 	 1 	 0.0	-999.0	0.0	0	-1	1	-1	-0.0	-999	-999	2.3714 	3.7845 	4.8516 	-999	-999	-999	-999	-999	-999	2.7584 	4.2685 	-999	-999	-999	-999	-999	-999	-999	3.1105 	4.342 	-999	-999	-999	-999	-999	-999	-999	0	0	0
68	temp	a	circle	4	0.6718750000000284	1	65	3 	 5.115891962441223 	 2 	 0.0	0.0	-999.0	0	1	-1	-1	0.0	-999	-999	2.7507 	4.5019 	6.1821 	-999	-999	-999	-999	-999	-999	2.3565 	3.5712 	4.9884 	5.7794 	-999	-999	-999	-999	-999	2.5292 	3.4253 	4.9269 	6.2905 	-999	-999	-999	-999	-999	0	0	0
69	temp	a	circle	4	0.7718750000000227	1	68	3 	 3.8221329744446537 	 2 	 1.0	0.0	-999.0	0	1	-1	-1	0.0	-999	-999	1.9392 	3.8903 	5.1425 	-999	-999	-999	-999	-999	-999	2.8963 	4.3954 	-999	-999	-999	-999	-999	-999	-999	2.7488 	4.4277 	-999	-999	-999	-999	-999	-999	-999	0	0	0
70	temp	a	circle	2	0.1	1	56	3 	 4.746549606992579 	 1 	 0.0	0.0	1.0	0	1	-1	-1	-0.0	-999	-999	1.8874 	2.7677 	3.6919 	5.5152 	-999	-999	-999	-999	-999	2.3808 	3.2827 	3.8764 	5.1685 	-999	-999	-999	-999	-999	2.62 	3.9204 	4.5416 	5.7828 	-999	-999	-999	-999	-999	0	0	0
71	temp	a	circle	4	1.0718750000000057	1	70	0 	 3.7659896848128547 	 1 	 0.0	3.0	2.0	0	1	-1	-1	-1.0	-999	-999	2.245 	3.7452 	5.6879 	-999	-999	-999	-999	-999	-999	1.8343 	3.3938 	4.9747 	-999	-999	-999	-999	-999	-999	2.0697 	4.0625 	6.0575 	-999	-999	-999	-999	-999	-999	0	0	0
72	temp	a	circle	2	1.7000000000000028	1	62	3 	 4.4760246049736025 	 1 	 0.0	0.0	1.0	0	1	-1	-1	0.0	-999	-999	2.1577 	3.6841 	4.9493 	-999	-999	-999	-999	-999	-999	2.0367 	3.2475 	4.8276 	-999	-999	-999	-999	-999	-999	2.1765 	3.8956 	4.7858 	-999	-999	-999	-999	-999	-999	0	0	0
73	temp	a	circle	4	0.1	1	48	3 	 3.646827843076054 	 1 	 2.0	-999.0	1.0	0	1	-1	-1	-0.0	-999	-999	2.5539 	4.4115 	-999	-999	-999	-999	-999	-999	-999	2.657 	4.2073 	-999	-999	-999	-999	-999	-999	-999	2.91 	4.7675 	-999	-999	-999	-999	-999	-999	-999	0	0	0
74	temp	a	circle	4	0.9718750000000114	1	71	3 	 3.937038559270559 	 1 	 2.0	0.0	0.0	1	1	-1	-1	-999	-0.0	-999	1.9601 	3.0271 	4.0435 	4.8313 	-999	-999	-999	-999	-999	2.1072 	3.7122 	4.9696 	-999	-999	-999	-999	-999	-999	2.6811 	4.4338 	-999	-999	-999	-999	-999	-999	-999	0	0	0
75	temp	a	circle	4	0.7718750000000227	1	70	3 	 5.104234424870156 	 2 	 1.0	2.0	-999.0	1	1	-1	-1	-999	0.0	-999	3.0735 	3.9843 	4.7791 	5.7543 	-999	-999	-999	-999	-999	2.8019 	4.0884 	5.5651 	-999	-999	-999	-999	-999	-999	2.2671 	3.524 	4.5558 	6.2642 	-999	-999	-999	-999	-999	0	0	0
76	temp	a	circle	4	0.9718750000000114	-1	70	3 	 5.514243761219827 	 1 	 -999.0	3.0	3.0	1	-1	1	-1	-999	0.0	-999	3.1705 	4.4866 	6.2964 	-999	-999	-999	-999	-999	-999	3.1273 	4.8046 	6.4156 	-999	-999	-999	-999	-999	-999	3.1584 	5.0616 	6.4489 	-999	-999	-999	-999	-999	-999	0	0	0
77	temp	a	circle	2	1.5	1	74	3 	 3.306455076758399 	 2 	 0.0	1.0	-999.0	1	1	-1	-1	-999	-0.0	-999	2.6665 	4.489 	-999	-999	-999	-999	-999	-999	-999	2.2475 	3.9521 	-999	-999	-999	-999	-999	-999	-999	2.4473 	4.335 	-999	-999	-999	-999	-999	-999	-999	0	0	0
78	temp	a	circle	4	0.9718750000000114	1	62	3 	 5.375542652264892 	 1 	 3.0	0.0	-999.0	1	1	-1	-1	-999	0.0	-999	2.3538 	2.8732 	4.255 	5.9289 	-999	-999	-999	-999	-999	1.8767 	2.5505 	3.2072 	4.1275 	5.619 	7.3466 	-999	-999	-999	2.8047 	4.4268 	5.2685 	5.8183 	-999	-999	-999	-999	-999	0	0	0
79	temp	a	circle	4	0.1	1	77	3 	 3.2791413876160065 	 2 	 2.0	2.0	-999.0	0	1	-1	-1	0.0	-999	-999	1.8454 	2.3835 	3.9979 	-999	-999	-999	-999	-999	-999	2.0914 	3.3852 	5.0959 	-999	-999	-999	-999	-999	-999	2.5357 	4.0656 	-999	-999	-999	-999	-999	-999	-999	0	0	0
80	temp	a	circle	2	1.5	-1	48	3 	 3.2093164743799267 	 2 	 1.0	0.0	-999.0	1	-1	1	-1	-999	-0.0	-999	2.5538 	4.3468 	-999	-999	-999	-999	-999	-999	-999	2.5575 	4.1981 	-999	-999	-999	-999	-999	-999	-999	2.5653 	3.9435 	-999	-999	-999	-999	-999	-999	-999	0	0	0
81	temp	a	circle	2	1.5	1	74	3 	 4.012010210021597 	 2 	 1.0	1.0	-999.0	1	1	-1	-1	-999	-0.0	-999	2.4344 	3.3911 	4.4176 	-999	-999	-999	-999	-999	-999	2.4054 	4.0652 	5.5252 	-999	-999	-999	-999	-999	-999	2.681 	3.4319 	4.5125 	-999	-999	-999	-999	-999	-999	0	0	0
82	temp	a	circle	4	0.7718750000000227	-1	52	3 	 4.415506236899883 	 2 	 0.0	1.0	-999.0	0	-1	1	-1	0.0	-999	-999	2.4798 	3.8347 	4.787 	-999	-999	-999	-999	-999	-999	2.155 	3.5577 	4.72 	-999	-999	-999	-999	-999	-999	2.2664 	3.1296 	3.7741 	5.7579 	-999	-999	-999	-999	-999	0	0	0
83	temp	a	circle	4	0.871875000000017	-1	53	3 	 5.445781294907719 	 2 	 1.0	0.0	-999.0	0	-1	1	-1	-0.0	-999	-999	3.0652 	3.7125 	4.6465 	6.0081 	-999	-999	-999	-999	-999	2.1516 	3.2334 	4.0818 	4.9697 	6.6199 	-999	-999	-999	-999	2.2688 	3.4681 	4.1922 	5.1266 	6.7809 	-999	-999	-999	-999	0	0	0
84	temp	a	circle	4	0.02	1	54	3 	 5.467536760472864 	 1 	 3.0	-999.0	1.0	0	1	-1	-1	-0.0	-999	-999	2.1284 	2.8519 	4.7741 	5.7666 	6.7953 	-999	-999	-999	-999	1.9798 	3.1942 	3.7872 	5.2872 	6.0658 	-999	-999	-999	-999	1.7673 	2.9383 	4.3843 	5.6624 	6.5579 	-999	-999	-999	-999	0	0	0
85	temp	a	circle	2	1.7000000000000028	-1	70	3 	 4.000944922472245 	 1 	 -999.0	0.0	0.0	1	-1	1	-1	-999	-0.0	-999	2.1071 	3.4957 	4.1473 	5.8172 	-999	-999	-999	-999	-999	1.7869 	3.7835 	5.4629 	-999	-999	-999	-999	-999	-999	2.569 	3.1033 	3.9549 	4.7381 	-999	-999	-999	-999	-999	0	0	0
86	temp	a	circle	2	0.1	-1	60	3 	 5.468996291403378 	 2 	 0.0	1.0	-999.0	1	-1	1	-1	-999	-0.0	-999	2.5529 	3.2832 	5.2039 	6.4131 	-999	-999	-999	-999	-999	2.9619 	3.7516 	5.1558 	6.9752 	-999	-999	-999	-999	-999	3.1222 	3.8535 	5.7503 	7.4162 	-999	-999	-999	-999	-999	0	0	0
87	temp	a	circle	2	1.7999999999999972	-1	73	3 	 4.322200714759046 	 1 	 0.0	-999.0	1.0	2	-1	1	-1	-999	-999	0.0	3.1747 	5.1155 	-999	-999	-999	-999	-999	-999	-999	2.1357 	3.788 	4.7038 	-999	-999	-999	-999	-999	-999	2.5239 	3.638 	5.2753 	-999	-999	-999	-999	-999	-999	0	0	0
88	temp	a	circle	2	1.7999999999999972	-1	74	0 	 3.3511502272521017 	 1 	 0.0	-999.0	0.0	2	-1	1	-1	-999	-999	1.0	2.2872 	3.0327 	4.3492 	-999	-999	-999	-999	-999	-999	2.3446 	3.8932 	-999	-999	-999	-999	-999	-999	-999	2.9467 	3.8582 	-999	-999	-999	-999	-999	-999	-999	0	0	0
89	temp	a	circle	4	0.1	-1	66	3 	 5.271857244467307 	 1 	 3.0	-999.0	3.0	2	-1	1	-1	-999	-999	-0.0	2.3723 	3.4991 	5.3539 	5.87 	-999	-999	-999	-999	-999	2.418 	3.5296 	4.4964 	5.9154 	-999	-999	-999	-999	-999	2.8034 	4.4993 	6.3782 	-999	-999	-999	-999	-999	-999	0	0	0
90	temp	a	circle	2	1.7000000000000028	1	58	0 	 4.289561143963679 	 2 	 0.0	0.0	-999.0	0	1	-1	-1	-1.0	-999	-999	2.8855 	4.0771 	4.8224 	-999	-999	-999	-999	-999	-999	2.0826 	2.9493 	4.4991 	6.4413 	-999	-999	-999	-999	-999	2.6091 	4.4139 	5.6269 	-999	-999	-999	-999	-999	-999	0	0	0
91	temp	a	circle	2	0.02	-1	52	3 	 3.750046768216652 	 1 	 0.0	0.0	1.0	2	-1	1	-1	-999	-999	-0.0	1.8392 	2.7422 	3.9936 	5.3708 	-999	-999	-999	-999	-999	3.1819 	4.6991 	-999	-999	-999	-999	-999	-999	-999	2.1857 	2.9632 	4.4097 	-999	-999	-999	-999	-999	-999	0	0	0
92	temp	a	circle	4	1.0718750000000057	1	55	3 	 4.044513026801821 	 1 	 0.0	2.0	2.0	1	1	-1	-1	-999	0.0	-999	1.8883 	3.6188 	4.4913 	-999	-999	-999	-999	-999	-999	1.8991 	3.7305 	5.4561 	-999	-999	-999	-999	-999	-999	3.1559 	4.219 	5.8167 	-999	-999	-999	-999	-999	-999	0	0	0
93	temp	a	circle	4	0.871875000000017	1	71	0 	 5.159514884665398 	 2 	 1.0	1.0	-999.0	1	1	-1	-1	-999	-1.0	-999	1.735 	2.3284 	3.347 	4.2801 	6.1371 	-999	-999	-999	-999	3.0295 	3.897 	5.305 	6.4159 	-999	-999	-999	-999	-999	1.9635 	2.6422 	4.5692 	5.6158 	-999	-999	-999	-999	-999	0	0	0
94	temp	a	circle	2	1.6000000000000085	1	53	3 	 3.878096264964049 	 2 	 1.0	1.0	-999.0	1	1	-1	-1	-999	0.0	-999	2.4781 	3.5069 	4.1167 	5.0225 	-999	-999	-999	-999	-999	1.7274 	2.9048 	4.5612 	-999	-999	-999	-999	-999	-999	3.1209 	4.5413 	-999	-999	-999	-999	-999	-999	-999	0	0	0
95	temp	a	circle	4	0.8218750000000199	-1	56	0 	 3.5435755536225844 	 2 	 1.0	0.0	-999.0	0	-1	1	-1	-1.0	-999	-999	3.1186 	4.3769 	-999	-999	-999	-999	-999	-999	-999	3.1719 	4.9008 	-999	-999	-999	-999	-999	-999	-999	2.1929 	3.3628 	5.1273 	-999	-999	-999	-999	-999	-999	0	0	0
96	temp	a	circle	4	1.0718750000000057	1	60	0 	 3.8523345415605075 	 1 	 2.0	0.0	0.0	2	1	-1	-1	-999	-999	-2.0	2.0799 	3.0462 	4.1942 	-999	-999	-999	-999	-999	-999	3.0109 	3.7059 	4.4662 	-999	-999	-999	-999	-999	-999	2.3133 	3.9986 	4.6414 	-999	-999	-999	-999	-999	-999	0	0	0
97	temp	a	circle	4	0.7718750000000227	1	75	0 	 5.458694992195294 	 2 	 0.0	1.0	-999.0	0	1	-1	-1	-1.0	-999	-999	3.0097 	4.8655 	6.1461 	-999	-999	-999	-999	-999	-999	1.8044 	3.0857 	3.6203 	4.8789 	6.5692 	-999	-999	-999	-999	2.1966 	4.1908 	5.711 	7.3596 	-999	-999	-999	-999	-999	0	0	0
98	temp	a	circle	4	1.0218750000000085	-1	73	3 	 5.530495760581588 	 1 	 -999.0	3.0	3.0	2	-1	1	-1	-999	-999	0.0	1.7482 	2.2503 	3.5897 	5.2796 	6.1134 	-999	-999	-999	-999	2.7355 	4.0436 	5.0656 	5.8268 	6.9148 	-999	-999	-999	-999	1.9092 	2.9296 	4.6485 	6.3531 	-999	-999	-999	-999	-999	0	0	0
99	temp	a	circle	2	1.6000000000000085	1	58	0 	 4.286427320303162 	 2 	 1.0	1.0	-999.0	1	1	-1	-1	-999	1.0	-999	2.1751 	3.2221 	4.2939 	5.7709 	-999	-999	-999	-999	-999	2.1937 	3.92 	4.6764 	-999	-999	-999	-999	-999	-999	3.1318 	5.0064 	-999	-999	-999	-999	-999	-999	-999	0	0	0
100	temp	a	circle	4	1.0218750000000085	1	68	0 	 4.345443736976669 	 1 	 3.0	0.0	-999.0	1	1	-1	-1	-999	-1.0	-999	2.973 	4.7556 	-999	-999	-999	-999	-999	-999	-999	2.8155 	3.6867 	5.3922 	-999	-999	-999	-999	-999	-999	2.2495 	2.8921 	3.3939 	5.2323 	-999	-999	-999	-999	-999	0	0	0
101	temp	a	circle	4	0.02	-1	61	3 	 4.844212321339795 	 2 	 0.0	3.0	-999.0	0	-1	1	-1	-0.0	-999	-999	2.0667 	3.8442 	5.0137 	7.0043 	-999	-999	-999	-999	-999	2.0499 	3.3283 	4.5092 	5.28 	-999	-999	-999	-999	-999	2.0898 	2.7852 	3.8704 	4.6429 	6.0625 	-999	-999	-999	-999	1	1	0
102	temp	a	circle	2	1.5000000000000142	-1	66	3 	 4.329729861128486 	 2 	 0.0	1.0	-999.0	0	-1	1	-1	0.0	-999	-999	2.1864 	3.6404 	4.9962 	-999	-999	-999	-999	-999	-999	2.0332 	3.9241 	5.0289 	-999	-999	-999	-999	-999	-999	2.2343 	3.9461 	4.8837 	-999	-999	-999	-999	-999	-999	0	0	0
103	temp	a	circle	4	0.9718750000000114	-1	67	3 	 4.063265978437077 	 1 	 0.0	0.0	0.0	0	-1	1	-1	-0.0	-999	-999	2.182 	2.8108 	3.7534 	4.438 	-999	-999	-999	-999	-999	1.792 	2.7906 	4.3551 	5.4194 	-999	-999	-999	-999	-999	2.7085 	4.4667 	-999	-999	-999	-999	-999	-999	-999	0	0	0
104	temp	a	circle	2	1.75	1	48	3 	 3.9012135465754065 	 1 	 -999.0	0.0	0.0	1	1	-1	-1	-999	-0.0	-999	2.4598 	3.0562 	4.3771 	-999	-999	-999	-999	-999	-999	2.4765 	4.0281 	5.078 	-999	-999	-999	-999	-999	-999	3.1913 	3.9768 	5.4117 	-999	-999	-999	-999	-999	-999	0	0	0
105	temp	a	circle	2	0.02	1	49	3 	 5.166840977774893 	 1 	 0.0	0.0	0.0	2	1	-1	-1	-999	-999	-0.0	2.8489 	4.3004 	5.9429 	-999	-999	-999	-999	-999	-999	1.8288 	3.2722 	3.7803 	4.8569 	5.4199 	7.3527 	-999	-999	-999	2.0269 	2.5724 	3.0727 	4.8139 	5.5744 	-999	-999	-999	-999	0	0	0
106	temp	a	circle	4	0.9718750000000114	1	76	3 	 3.7307147069669626 	 1 	 2.0	3.0	3.0	0	1	-1	-1	0.0	-999	-999	2.7354 	3.745 	4.9931 	-999	-999	-999	-999	-999	-999	1.9882 	2.8608 	4.1814 	-999	-999	-999	-999	-999	-999	2.1839 	3.8866 	5.3842 	-999	-999	-999	-999	-999	-999	0	0	0
107	temp	a	circle	4	0.9718750000000114	-1	51	3 	 4.551662701095996 	 1 	 1.0	2.0	2.0	0	-1	1	-1	0.0	-999	-999	2.2011 	3.5786 	4.5398 	6.18 	-999	-999	-999	-999	-999	2.6279 	4.4322 	5.6056 	-999	-999	-999	-999	-999	-999	2.7747 	4.0356 	5.4793 	-999	-999	-999	-999	-999	-999	0	0	0
108	temp	a	circle	2	1.5000000000000142	-1	48	3 	 3.7855406808058216 	 2 	 0.0	0.0	-999.0	0	-1	1	-1	-0.0	-999	-999	2.2711 	4.1021 	-999	-999	-999	-999	-999	-999	-999	1.701 	2.7365 	3.722 	5.3837 	-999	-999	-999	-999	-999	2.113 	2.8013 	3.5787 	4.4169 	-999	-999	-999	-999	-999	0	0	0
109	temp	a	circle	2	1.5000000000000142	-1	65	3 	 5.66118644031355 	 2 	 1.0	0.0	-999.0	1	-1	1	-1	-999	0.0	-999	1.8067 	3.1248 	4.1364 	5.1788 	6.8179 	-999	-999	-999	-999	2.8433 	4.511 	6.1386 	-999	-999	-999	-999	-999	-999	2.2778 	3.2531 	5.1936 	5.6943 	6.2897 	-999	-999	-999	-999	0	0	0
110	temp	a	circle	4	0.7218750000000256	-1	66	3 	 5.6210008408933385 	 2 	 2.0	1.0	-999.0	1	-1	1	-1	-999	-0.0	-999	2.1677 	2.7584 	3.8701 	5.4509 	6.9697 	-999	-999	-999	-999	1.937 	3.1032 	5.0325 	6.965 	-999	-999	-999	-999	-999	2.5773 	3.2251 	4.0164 	5.0338 	6.7212 	-999	-999	-999	-999	0	0	0
111	temp	a	circle	4	0.7218750000000256	1	74	3 	 3.6492578252060817 	 2 	 0.0	0.0	-999.0	1	1	-1	-1	-999	0.0	-999	2.4952 	4.2199 	-999	-999	-999	-999	-999	-999	-999	2.235 	4.1609 	-999	-999	-999	-999	-999	-999	-999	3.0502 	4.1885 	-999	-999	-999	-999	-999	-999	-999	0	0	0
112	temp	a	circle	2	1.75	1	59	3 	 3.2550872148539858 	 1 	 0.0	-999.0	1.0	0	1	-1	-1	0.0	-999	-999	2.7321 	3.9955 	-999	-999	-999	-999	-999	-999	-999	3.1815 	4.7238 	-999	-999	-999	-999	-999	-999	-999	2.4725 	3.455 	4.7948 	-999	-999	-999	-999	-999	-999	0	0	0
113	temp	a	circle	4	0.1	1	57	3 	 5.649562079087462 	 2 	 1.0	3.0	-999.0	0	1	-1	-1	0.0	-999	-999	2.6774 	4.1908 	5.5608 	7.3593 	-999	-999	-999	-999	-999	1.736 	2.8885 	3.514 	4.7032 	6.076 	-999	-999	-999	-999	2.3178 	4.0204 	5.3903 	6.789 	-999	-999	-999	-999	-999	0	0	0
114	temp	a	circle	4	0.7218750000000256	1	71	3 	 3.8894296456801953 	 2 	 1.0	1.0	-999.0	1	1	-1	-1	-999	-0.0	-999	2.4153 	4.2908 	-999	-999	-999	-999	-999	-999	-999	1.9646 	3.7594 	4.8016 	-999	-999	-999	-999	-999	-999	2.5992 	3.7733 	5.7397 	-999	-999	-999	-999	-999	-999	0	0	0
115	temp	a	circle	2	1.75	1	70	3 	 4.19929093467019 	 1 	 0.0	-999.0	1.0	2	1	-1	-1	-999	-999	-0.0	2.5859 	3.9067 	5.1336 	-999	-999	-999	-999	-999	-999	2.4676 	3.1232 	4.0204 	4.8781 	-999	-999	-999	-999	-999	2.1721 	3.0926 	3.772 	5.4583 	-999	-999	-999	-999	-999	0	0	0
116	temp	a	circle	2	1.7999999999999972	1	53	0 	 4.122632974611047 	 1 	 0.0	0.0	1.0	2	1	-1	-1	-999	-999	-1.0	2.7932 	4.3447 	4.8739 	-999	-999	-999	-999	-999	-999	2.0183 	2.6854 	3.2598 	3.7671 	4.5506 	-999	-999	-999	-999	2.232 	2.7781 	3.9212 	5.8219 	-999	-999	-999	-999	-999	0	0	0
117	temp	a	circle	2	1.75	-1	62	3 	 4.549270483465284 	 1 	 0.0	0.0	1.0	0	-1	1	-1	-0.0	-999	-999	2.0478 	2.6451 	3.6382 	4.3819 	6.1469 	-999	-999	-999	-999	2.3118 	3.2002 	4.0774 	4.5937 	5.7378 	-999	-999	-999	-999	1.8176 	3.2803 	4.0237 	4.7967 	5.7613 	-999	-999	-999	-999	0	0	0
118	temp	a	circle	2	0.02	1	61	3 	 5.076049565742093 	 2 	 1.0	0.0	-999.0	0	1	-1	-1	-0.0	-999	-999	2.5153 	3.1371 	4.4655 	5.4169 	-999	-999	-999	-999	-999	2.0548 	2.7004 	4.4628 	6.0532 	-999	-999	-999	-999	-999	3.1702 	4.8404 	6.0298 	-999	-999	-999	-999	-999	-999	0	0	0
119	temp	a	circle	4	1.0218750000000085	-1	65	3 	 5.318311045958989 	 1 	 3.0	0.0	0.0	2	-1	1	-1	-999	-999	-0.0	3.1928 	4.2775 	4.8168 	6.0134 	-999	-999	-999	-999	-999	2.4954 	3.7436 	4.945 	5.5031 	7.3895 	-999	-999	-999	-999	2.2408 	4.1718 	5.5136 	7.3054 	-999	-999	-999	-999	-999	0	0	0
